layer1_category,layer2_category,layer3_category,distinct_users,calculated_at,black_users,white_users,pink_users,weak_white,good_white,best_white,weak_black,good_black,best_black,weak_pink,good_pink,best_pink,stat_level,scored_users,p33,p66
مصرف‌کنندگان کسب‌وکارهای B2C,خدمات حقوقی و قضایی,خدمات حقوقی و قضایی,524752,2026-07-14 15:04:50.156494 +00:00,300619,189640,34493,139446,18669,31525,25272,52925,222422,4594,0,29899,layer2,524752,25.6,29.6
مصرف‌کنندگان کسب‌وکارهای B2C,خرید سوپرمارکت آنلاین,خرید سوپرمارکت آنلاین,706872,2026-07-14 15:04:50.156494 +00:00,403041,292111,11720,98279,155123,38709,22420,104934,275687,0,0,11720,layer2,706872,24,29.6
مصرف‌کنندگان کسب‌وکارهای B2C,تأمین و توزیع کالاهای تندمصرف,تأمین و توزیع کالاهای تندمصرف,7382,2026-07-14 15:04:50.156494 +00:00,3878,2998,506,1963,723,312,341,1819,1718,0,0,506,layer2,7382,26.4,31.2
مصرف‌کنندگان کسب‌وکارهای B2C,خدمات سفر و گردشگری (اقامت/تور/ویزا/بلیت),خدمات سفر و گردشگری (اقامت/تور/ویزا/بلیت),6314182,2026-07-14 15:04:50.156494 +00:00,3117969,2573545,622668,1098264,1116140,359141,449390,642871,2025708,159,275818,346691,layer2,6314182,24,29.6
مصرف‌کنندگان کسب‌وکارهای B2C,خدمات پزشکی و تصویربرداری,خدمات پزشکی و تصویربرداری,10883293,2026-07-14 15:04:50.156494 +00:00,6196492,3839265,847536,1359639,1824177,655449,761592,1191612,4243288,101,206461,640974,layer2,10883293,24,29.6
مصرف‌کنندگان کسب‌وکارهای B2C,خدمات خودرو (قطعه/تعمیر/نگهداری),خدمات خودرو (قطعه/تعمیر/نگهداری),1730950,2026-07-14 15:04:50.156494 +00:00,1098065,533962,98923,398410,51764,83788,127609,222136,748320,17,24236,74670,layer2,1730950,24.8,29.6
مصرف‌کنندگان کسب‌وکارهای B2C,سایر موارد بر اساس ویژگی‌های جمعیتی,فرهنگیان,351959,2026-07-14 15:04:50.156494 +00:00,239665,110595,1699,87141,4714,18740,25589,27657,186419,0,0,1699,layer3,351959,28,29.6
مصرف‌کنندگان کسب‌وکارهای B2B,تأمین و توزیع کالاهای تندمصرف,تأمین و توزیع کالاهای تندمصرف,795187,2026-07-14 15:04:50.156494 +00:00,460991,283596,50600,205743,24883,52970,48538,77759,334694,4,11510,39086,layer2,795187,24.8,29.6
مصرف‌کنندگان کسب‌وکارهای B2B,مدیران کسب و کارها و اصناف,مدیران کسب و کارها و اصناف,836360,2026-07-14 15:04:50.156494 +00:00,500894,277930,57536,205152,24987,47791,50244,94755,355895,6,13841,43689,layer2,836360,24.8,29.6
مصرف‌کنندگان کسب‌وکارهای B2C,سایر موارد بر اساس ویژگی‌های جمعیتی,سرپرستان خانوار,15207498,2026-07-14 15:04:50.156494 +00:00,9064509,5223599,919390,2094808,2325926,802865,1360465,1741075,5962969,135,233441,685814,layer3,15207498,24,29.6
مصرف‌کنندگان کسب‌وکارهای B2C,خرید حضوری کالا,خرید حضوری کالا,71723,2026-07-14 15:04:50.156494 +00:00,40848,27448,3427,8217,16254,2977,1103,9944,29801,0,0,3427,layer2,71723,24,29.6
مصرف‌کنندگان کسب‌وکارهای B2C,علاقه‌مندان به محتوای ورزشی,علاقه‌مندان به محتوای ورزشی,966507,2026-07-14 15:04:50.156494 +00:00,506894,374671,84942,139866,162754,72051,64288,95277,347329,11,21207,63724,layer2,966507,24,29.6
مصرف‌کنندگان کسب‌وکارهای B2C,تسهیلات، وام و لیزینگ,تسهیلات، وام و لیزینگ,6022806,2026-07-14 15:04:50.156494 +00:00,3255637,2175770,591399,905218,922845,347707,481474,616332,2157831,96,184130,407173,layer2,6022806,24,29.6
مصرف‌کنندگان کسب‌وکارهای B2B,پذیرندگی پرداخت و کارتخوان,پذیرندگی پرداخت و کارتخوان,1218620,2026-07-14 15:04:50.156494 +00:00,721975,421177,75468,161219,190788,69170,104388,115931,501656,10,20503,54955,layer2,1218620,24,29.6
مصرف‌کنندگان کسب‌وکارهای B2C,حمل‌ونقل درون‌شهری: پیک/مرسوله,حمل‌ونقل درون‌شهری: پیک/مرسوله,5896647,2026-07-14 15:04:50.156494 +00:00,3057071,2487223,352353,973305,1156446,357472,407069,608007,2041995,55,107225,245073,layer2,5896647,24,29.6
مصرف‌کنندگان کسب‌وکارهای B2C,خدمات زیبایی و سالن,خدمات زیبایی و سالن,698294,2026-07-14 15:04:50.156494 +00:00,359988,279844,58462,77416,167335,35093,17006,79158,263824,0,3612,54850,layer2,698294,24,29.6
مصرف‌کنندگان کسب‌وکارهای B2C,سایر موارد بر اساس ویژگی‌های جمعیتی,دارندگان اندروید,457782,2026-07-14 15:04:50.156494 +00:00,271321,174969,11492,121804,14778,38387,24553,23740,223028,0,0,11492,layer3,457782,27.2,29.6
مصرف‌کنندگان کسب‌وکارهای B2C,شبکه‌های اجتماعی و دوستیابی,شبکه‌های اجتماعی و دوستیابی,840309,2026-07-14 15:04:50.156494 +00:00,354957,339533,145819,129593,138373,71567,48109,182628,124220,16,37618,108185,layer2,840309,24,30.4
مصرف‌کنندگان کسب‌وکارهای B2C,کمک‌های خیریه و نیکوکاری,کمک‌های خیریه و نیکوکاری,1497900,2026-07-14 15:04:50.156494 +00:00,896736,517612,83552,214812,238939,63861,124059,218859,553818,10,18498,65044,layer2,1497900,24,29.6
مصرف‌کنندگان کسب‌وکارهای B2C,تاکسی اینترنتی: مسافران,تاکسی اینترنتی: مسافران,7364522,2026-07-14 15:04:50.156494 +00:00,3921094,3043302,400126,1114401,1463275,465626,455126,785641,2680327,107,152269,247750,layer2,7364522,24,29.6
مصرف‌کنندگان کسب‌وکارهای B2C,سایر موارد بر اساس ویژگی‌های جمعیتی,افراد علاقه مند به فناوری,4995849,2026-07-14 15:04:50.156494 +00:00,2055894,1830672,1109283,1352601,449889,28182,235085,1109237,711572,42705,11944,1054634,layer3,4995849,28,32.8
مصرف‌کنندگان کسب‌وکارهای B2C,خدمات مهندسی و ساخت‌وساز,خدمات مهندسی و ساخت‌وساز,322248,2026-07-14 15:04:50.156494 +00:00,192628,118000,11620,45371,58615,14014,17440,48898,126290,2,2606,9012,layer2,322248,24,29.6
مصرف‌کنندگان کسب‌وکارهای B2C,خرید آنلاین کالا (پوشاک/مصرفی/بهداشتی/الکترونیک),خرید آنلاین کالا (پوشاک/مصرفی/بهداشتی/الکترونیک),8990122,2026-07-14 15:04:50.156494 +00:00,4591191,3703744,695187,1399456,1734181,570107,561155,946755,3083281,149,154085,540953,layer2,8990122,24,29.6
مصرف‌کنندگان کسب‌وکارهای B2B,تحول دیجیتال و ابزارهای هوشمند کسب‌وکار,تحول دیجیتال و ابزارهای هوشمند کسب‌وکار,4112316,2026-07-14 15:04:50.156494 +00:00,2084969,1417231,610116,1026235,100012,290984,214412,1141767,728790,69834,82,540200,layer2,4112316,26.4,30.4
مصرف‌کنندگان کسب‌وکارهای B2C,پرداخت و تراکنش آنلاین,پرداخت و تراکنش آنلاین,4538872,2026-07-14 15:04:50.156494 +00:00,2619027,1622104,297741,1199554,148329,274221,225656,512996,1880375,71,68922,228748,layer2,4538872,24.8,29.6
مصرف‌کنندگان کسب‌وکارهای B2C,زیرساخت ابری، سرور و دیتاسنتر,زیرساخت ابری، سرور و دیتاسنتر,87500,2026-07-14 15:04:50.156494 +00:00,45988,38228,3284,15670,17489,5069,4795,12154,29039,0,798,2486,layer2,87500,24,29.6
مصرف‌کنندگان کسب‌وکارهای B2C,رویدادهای فرهنگی حضوری,رویدادهای فرهنگی حضوری,2575803,2026-07-14 15:04:50.156494 +00:00,1326436,1119336,130031,377324,589440,152572,119283,296194,910959,18,29152,100861,layer2,2575803,24,29.6
مصرف‌کنندگان کسب‌وکارهای B2C,خرید و فروش خودرو,خرید و فروش خودرو,980494,2026-07-14 15:04:50.156494 +00:00,554920,338096,87478,249891,31089,57116,56540,113033,385347,8,14951,72519,layer2,980494,24.8,29.6
مصرف‌کنندگان کسب‌وکارهای B2C,سایر موارد بر اساس ویژگی‌های جمعیتی,بازنشستگان,806761,2026-07-14 15:04:50.156494 +00:00,540914,252413,13434,208608,14714,29091,55461,62341,423112,1517,0,11917,layer3,806761,27.2,29.6
مصرف‌کنندگان کسب‌وکارهای B2C,سایر موارد بر اساس ویژگی‌های جمعیتی,دانشجویان,2323400,2026-07-14 15:04:50.156494 +00:00,1053341,1088610,181449,367853,566601,154156,124156,204862,724323,61,27946,153442,layer3,2323400,24,29.6
مصرف‌کنندگان کسب‌وکارهای B2C,سلامت و تناسب‌اندام,سلامت و تناسب‌اندام,163912,2026-07-14 15:04:50.156494 +00:00,84912,64676,14324,21094,32125,11457,7528,16492,60892,0,2363,11961,layer2,163912,24,29.6
مصرف‌کنندگان کسب‌وکارهای B2C,خدمات شهری و شهروندی آنلاین,خدمات شهری و شهروندی آنلاین,2226019,2026-07-14 15:04:50.156494 +00:00,1449106,705007,71906,530320,63024,111663,163244,267762,1018100,9,17358,54539,layer2,2226019,24.8,29.6
مصرف‌کنندگان کسب‌وکارهای B2B,تاکسی اینترنتی: رانندگان,تاکسی اینترنتی: رانندگان,1360565,2026-07-14 15:04:50.156494 +00:00,820450,534655,5460,229803,222070,82782,131209,151887,537354,2,2627,2831,layer2,1360565,24,29.6
مصرف‌کنندگان کسب‌وکارهای B2B,حسابداری، مالیات و کنترل اسناد,حسابداری، مالیات و کنترل اسناد,310016,2026-07-14 15:04:50.156494 +00:00,190334,114261,5421,84979,9159,20123,10975,30648,148711,306,0,5115,layer2,310016,26.4,29.6
مصرف‌کنندگان کسب‌وکارهای B2C,سفارش آنلاین غذا و نوشیدنی,سفارش آنلاین غذا و نوشیدنی,5655902,2026-07-14 15:04:50.156494 +00:00,3082595,2450318,122989,974422,1118059,357837,416165,651448,2014982,28,43340,79621,layer2,5655902,24,29.6
مصرف‌کنندگان کسب‌وکارهای B2C,بیمه شخصی/خانوار/خودرو,بیمه شخصی/خانوار/خودرو,14709393,2026-07-14 15:04:50.156494 +00:00,9263437,4332326,1113630,3309609,350744,671973,1446024,1753862,6063551,232,331791,781607,layer2,14709393,24.8,29.6
مصرف‌کنندگان کسب‌وکارهای B2C,بازار بورس و اوراق بهادار,بازار بورس و اوراق بهادار,11071682,2026-07-14 15:04:50.156494 +00:00,6925325,3844411,301946,2533180,863579,447652,958495,1545445,4421385,18,75367,226561,layer2,11071682,23.2,28
مصرف‌کنندگان کسب‌وکارهای B2C,اخبار و اطلاع‌رسانی عمومی,اخبار و اطلاع‌رسانی عمومی,400366,2026-07-14 15:04:50.156494 +00:00,218509,117306,64551,86544,27994,2768,32590,105762,80157,7778,2506,54267,layer2,400366,28,32.8
مصرف‌کنندگان کسب‌وکارهای B2C,سرمایه‌گذاری/خرید طلا (آنلاین/آفلاین),سرمایه‌گذاری/خرید طلا (آنلاین/آفلاین),23304774,2026-07-14 15:04:50.156494 +00:00,10657019,9454601,3193154,4392811,3511897,1549893,1642611,5393791,3620617,5018,324672,2863464,layer2,23304774,24,30.4
مصرف‌کنندگان کسب‌وکارهای B2C,خدمات منزل و تاسیسات آنلاین,خدمات منزل و تاسیسات آنلاین,519526,2026-07-14 15:04:50.156494 +00:00,302152,184670,32704,65398,92439,26833,31370,64612,206170,3,8469,24232,layer2,519526,24,29.6
مصرف‌کنندگان کسب‌وکارهای B2C,تحول دیجیتال و ابزارهای هوشمند کسب‌وکار,تحول دیجیتال و ابزارهای هوشمند کسب‌وکار,226062,2026-07-14 15:04:50.156494 +00:00,132898,88532,4632,66149,6903,15480,7855,21277,103766,0,0,4632,layer2,226062,26.4,29.6
مصرف‌کنندگان کسب‌وکارهای B2C,آموزش و آزمون‌ها,آموزش و آزمون‌ها,4269707,2026-07-14 15:04:50.156494 +00:00,2094160,1720407,455140,588917,832185,299305,213828,423398,1456934,82,91674,363384,layer2,4269707,24,29.6
مصرف‌کنندگان کسب‌وکارهای B2C,رمزارز و صرافی ارز دیجیتال,رمزارز و صرافی ارز دیجیتال,5023959,2026-07-14 15:04:50.156494 +00:00,2572395,2159610,291954,1033318,810470,315822,394985,568187,1609223,323,68433,223198,layer2,5023959,24,29.6
مصرف‌کنندگان کسب‌وکارهای B2C,کاریابی و استخدام,کاریابی و استخدام,627074,2026-07-14 15:04:50.156494 +00:00,308998,281796,36280,100349,143644,37803,34012,66474,208512,20,12025,24235,layer2,627074,24,29.6
مصرف‌کنندگان کسب‌وکارهای B2C,خدمات اینترنت,خدمات اینترنت,2986617,2026-07-14 15:04:50.156494 +00:00,1801856,1075981,108780,805910,80185,189886,109607,297027,1395222,2227,0,106553,layer2,2986617,26.4,29.6
مصرف‌کنندگان کسب‌وکارهای B2C,سایر موارد بر اساس ویژگی‌های جمعیتی,دارندگان آیفون,2137145,2026-07-14 15:04:50.156494 +00:00,1016860,830548,289737,250429,471298,108821,81702,202267,732891,35,35158,254544,layer3,2137145,24,29.6
مصرف‌کنندگان کسب‌وکارهای B2C,بازار دست‌دوم و خدمات,بازار دست‌دوم و خدمات,14588880,2026-07-14 15:04:50.156494 +00:00,7177588,6035096,1376196,2540786,2482540,1011770,1143330,1285893,4748365,144,237347,1138705,layer2,14588880,24,29.6
مصرف‌کنندگان کسب‌وکارهای B2C,سایر موارد بر اساس ویژگی‌های جمعیتی,بازاریابان,5231,2026-07-14 15:04:50.156494 +00:00,2757,2215,259,1527,106,582,159,1365,1233,0,0,259,layer3,5231,28,30.4
مصرف‌کنندگان کسب‌وکارهای B2C,سرگرمی دیجیتال عمومی (گیم/فیلم/سریال/موسیقی/کتاب),سرگرمی دیجیتال عمومی (گیم/فیلم/سریال/موسیقی/کتاب),23025744,2026-07-14 15:04:50.156494 +00:00,9849266,8068179,5108299,5903802,2043488,120889,1030548,5504967,3313751,480709,575,4627015,layer2,23025744,26.4,31.2
مصرف‌کنندگان کسب‌وکارهای B2C,خرید اقساطی و اعتبارسنجی,خرید اقساطی و اعتبارسنجی,4897467,2026-07-14 15:04:50.156494 +00:00,2757064,1945630,194773,766323,864325,314982,302890,587325,1866849,63,44067,150643,layer2,4897467,24,29.6
مصرف‌کنندگان کسب‌وکارهای B2C,خدمات دامپزشکی,خدمات دامپزشکی,42178,2026-07-14 15:04:50.156494 +00:00,24776,15973,1429,5765,8255,1953,2343,5902,16531,1,380,1048,layer2,42178,24,29.6
L1-test,L2-test,L2-test,150000,2026-06-20 03:58:59.790665 +00:00,60000,65000,25000,30000,25000,10000,25000,20000,15000,10000,8000,7000,layer3,150000,0,0
L1-test,L2-test,L3-test,120000,2026-06-20 03:58:59.790665 +00:00,48000,52000,20000,22000,18000,12000,20000,16000,12000,8000,7000,5000,layer3,120000,0,0
